<?xml version="1.0" encoding="UTF-8"?>
<project-private xmlns="http://www.netbeans.org/ns/project-private/1">
    <editor-bookmarks xmlns="http://www.netbeans.org/ns/editor-bookmarks/2" lastBookmarkId="0"/>
    <open-files xmlns="http://www.netbeans.org/ns/projectui-open-files/2">
        <group>
            <file>file:/D:/lambda_sample/JavaApplication157/src/com/solt/samples/DeclarativeStyle.java</file>
            <file>file:/D:/lambda_sample/JavaApplication157/src/com/solt/functional_interface/EmployeeTest.java</file>
            <file>file:/D:/lambda_sample/JavaApplication157/src/com/solt/samples/ComparatorLambda.java</file>
            <file>file:/D:/lambda_sample/JavaApplication157/src/com/solt/functional_interface/FunctionUtils.java</file>
            <file>file:/D:/lambda_sample/JavaApplication157/src/com/solt/samples/FirstLambda.java</file>
            <file>file:/D:/lambda_sample/JavaApplication157/src/com/solt/functional_interface/EmployeeUtils.java</file>
            <file>file:/D:/lambda_sample/JavaApplication157/src/com/solt/samples/Currying.java</file>
        </group>
    </open-files>
</project-private>
